has become an accepted mode of management of terminally ill patients, for whom 
the prognosis is limited. Increase in life expectancy of the Indian people and a 
strong movement to authorise ex-servicemen for treatment of malignant and other 
chronic diseases in service hospitals, requires the Armed Forces to consider 
these end of life care decisions and plan for terminal care in hospice.

DOI: 10.1016/S0377-1237(02)80050-8
PMCID: PMC4923920
PMID: 27407362


859. Popul Health Metr. 2016 Jul 12;14:23. doi: 10.1186/s12963-016-0092-2. 
eCollection 2016.

Future healthy life expectancy among older adults in the US: a forecast based on 
cohort smoking and obesity history.

Cao B(1).

Author information:
(1)Population Studies Center, University of Pennsylvania, McNeil Building, 3718 
Locust Walk, Philadelphia, PA 19104 USA.

BACKGROUND: In the past three decades, the elderly population in the United 
States experienced increase in life expectancy (LE) and disability-free life 
expectancy (LE(ND)), but decrease in life expectancy with disability (LE(D)). 
Smoking and obesity are two major risk factors that had negative impacts on 
these trends. While smoking prevalence continues to decline in recent decades, 
obesity prevalence has been growing and is currently at a high level. This study 
aims to forecast the healthy life expectancy for older adults aged 55 to 85 in 
the US from 2011 to 2040, in relation to their smoking and obesity history.
METHODS: First, population-level mortality data from the Human Mortality 
Database (HMD) and individual-level disability data from the US National Health 
Interview Survey (NHIS) were used to estimate the transition rates between 
different health states from 1982 to 2010, using a multi-state life table (MSLT) 
model. Second, the estimated transition rates were fitted and projected up to 
2040, using a modified Lee-Carter model that incorporates cohort smoking and 
obesity history from NHIS.
RESULTS: Mortality and morbidity for both sexes will continue to decline in the 
next decades. Relative to 2010, men are expected to have 3.2 years gain in 
LE(ND) and 0.8 years loss in LE(D). For women, there will be 1.8 years gain in 
LE(ND) and 0.8 years loss in LE(D). By 2040, men and women are expected to spend 
respectively 80 % and 75 % of their remaining life expectancy between 55 and 85 
disability-free.
CONCLUSIONS: Smoking and obesity have independent negative impacts on both the 
survival and disability of the US older population in the coming decades, and 
are responsible for the present and future gender disparity in mortality and 
morbidity. Overall, the US older population is expected to enjoy sustained 
health improvements and compression of disability, largely due to decline in 
smoking.

DOI: 10.1186/s12963-016-0092-2
PMCID: PMC4941025
PMID: 27408607


860. Bone Res. 2016 Jun 21;4:16017. doi: 10.1038/boneres.2016.17. eCollection
2016.

External fixation is more suitable for intra-articular fractures of the distal 
radius in elderly patients.

Ma C(1), Deng Q(1), Pu H(2), Cheng X(3), Kan Y(4), Yang J(5), Yusufu A(1), Cao 
L(1).

Author information:
(1)Department of Orthopedics Center, First Affiliated Hospital of Xinjiang 
Medical University , Urumqi, China.
(2)Department of Science and Research Education Center, First Affiliated 
Hospital of Xinjiang Medical University , Urumqi, China.
(3)Carders Health Care NO. 4 Department of Xinjiang Uygur Autonomous Region 
People's Hospital , Urumqi, China.
(4)Department of Orthopedics of the Central Hospital of Karamay , Karamay, 
China.
(5)Department of Orthopedics Center, Fifth Affiliated Hospital of Xinjiang 
Medical University , Urumqi, China.

The purpose of this study was to compare the functional outcomes, psychological 
impact, and complication rates associated with external fixation and volar or 
dorsal plating in relation to the functional parameters following treatment of 
intra-articular fractures of the distal radius (IFDR) in patients older than 65 
years. We hypothesized that using volar or dorsal plating would improve 
functional outcomes, but that it would be associated with more complications and 
equivalent functional outcomes when compared with the external fixation group. A 
total of 123 consecutive patients suffering from IFDR were recruited into the 
study. The patients were measured for clinical, radiological, and psychosocial 
functioning outcomes and were followed up after 1 week and 3, 6 and 12 months. 
After 3 months, the plating group had better pronation (P=0.001), supination, 
(P=0.047) and extension (P=0.043) scores. These differences were somewhat 
attenuated by 6 months and disappeared at 1 year. The plating group had a 
greater occurrence of wound infection (P=0.043), tendonitis, (P=0.024) and 
additional surgery compared with the external fixation group. The only TNO-AZL 
Adult Quality of Life scores in the plating group that were lower than those in 
the external fixation group were in the "gross motor" category (walking 
upstairs, bending over, walking 500 yards; P=0.023). Internal fixation was more 
advantageous than external fixation in the early rehabilitation period; after 1 
year the outcomes were similar. The plating group showed significantly higher 
levels of wound infection and tendonitis and had a greater need for additional 
surgeries.

DOI: 10.1038/boneres.2016.17
PMCID: PMC4923941
PMID: 27408765


861. BMC Health Serv Res. 2016 Jul 6;16 Suppl 3(Suppl 3):200. doi: 
10.1186/s12913-016-1423-5.

Proceedings of the 3rd IPLeiria's International Health Congress : Leiria, 
Portugal. 6-7 May 2016.

Tomás CC(1), Oliveira E(2)(3), Sousa D(2), Uba-Chupel M(3), Furtado G(3), Rocha 
C(4), Teixeira A(3), Ferreira P(3), Alves C(5)(6), Gisin S(7)(8), Catarino E(9), 
Carvalho N(9), Coucelo T(9), Bonfim L(9), Silva C(9), Franco D(10), González 
JA(11), Jardim HG(12), Silva R(13), Baixinho CL(14), Presado MªH(14), Marques 
MªF(14), Cardoso ME(14), Cunha M(15), Mendes J(15), Xavier A(16), Galhardo 
A(15), Couto M(15), Frade JG(17), Nunes C(18), Mesquita JR(19), Nascimento 
MS(20), Gonçalves G(21), Castro C(22), Mártires A(23), Monteiro MªJ(23), Rainho 
C(23), Caballero FP(24), Monago FM(25), Guerrero JT(26), Monago RM(27), Trigo 
AP(27), Gutierrez ML(26), Milanés GM(26), Reina MG(24), Villanueva AG(28), 
Piñero AS(29), Aliseda IR(26), Ramirez FB(24), Ribeiro A(30), Quelhas A(30), 
Manso C(30), Caballero FP(31), Guerrero JT(26), Monago FM(25), Santos RB(32), 
Jimenez NR(31), Nuñez CG(31), Gomez IR(31), Fernandez MªJL(31), Marquez LA(25), 
Moreno AL(26), Huertas MªJT(31), Ramirez FB(31), Seabra D(33), Salvador MªC(33), 
Braga L(34), Parreira P(35), Salgueiro-Oliveira A(35), Arreguy-Sena C(36), 
Oliveira BF(37), Henriques MªA(14), Santos J(38), Lebre S(38), Marques A(38), 
Festas C(39), Rodrigues S(39), Ribeiro A(39), Lumini J(39), Figueiredo AG(40), 
Hernandez-Martinez FJ(41), Campi L(42), Quintana-Montesdeoca MªP(43), 
Jimenez-Diaz JF(43), Rodriguez-De-Vera BC(43), Parente A(44), Mata MªA(44), 
Pereira AMª(44), Fernandes A(44), Brás M(44), Pinto MªR(45), Parreira P(46), 
Basto ML(47), Rei AC(48), Mónico LM(49), Sousa G(12), Morna C(12), Freitas 
O(12), Freitas G(12), Jardim A(12), Vasconcelos R(12), Horta LG(50), Rosa 
RS(50), Kranz LF(50), Nugem RC(50), Siqueira MS(50), Bordin R(50), Kniess R(51), 
Lacerda JT(51), Guedes J(52), Machado I(52), Almeida S(52), Zilhão A(52), Alves 
H(52), Ribeiro Ó(52), Amaral AP(53), Santos A(53), Monteiro J(53), Rocha 
MªC(53), Cruz R(53), Amaral AP(53), Lourenço M(53), Rocha MªC(53), Cruz R(53), 
Antunes S(53), Mendonça V(53), Andrade I(53), Osório N(53), Valado A(53), 
Caseiro A(53), Gabriel A(53), Martins AC(53), Mendes F(53), Cabral L(54), 
Ferreira M(54), Gonçalves A(54), Luz TD(55), Luz L(55), Martins R(56), Morgado 
A(57), Vale-Dias ML(57), Porta-Nova R(58), Fleig TC(59), Reuter ÉM(59), 
Froemming MB(59), Guerreiro SL(59), Carvalho LL(59), Guedelha D(40), Coelho 
P(40), Pereira A(40), Calha A(60), Cordeiro R(60), Gonçalves A(61), Certo A(61), 
Galvão A(61), Mata MªA(61), Welter A(62), Pereira E(62), Ribeiro S(63), Kretzer 
M(62), Jiménez-Díaz JF(43), Jiménez-Rodríguez C(43), Hernández-Martínez FJ(64), 
Rodríguez-De-Vera BDC(43), Marques-Rodrigues A(65), Coelho P(66), Bernardes 
T(66), Pereira A(66), Sousa P(62), Filho JG(62), Nazario N(62), Kretzer M(62), 
Amaral O(67), Garrido A(68), Veiga N(69), Nunes C(70), Pedro AR(70), Pereira 
C(67), Almeia A(71), Fernandes HM(71), Vasconcelos C(71)(72), Sousa N(71), Reis 
VM(71), Monteiro MJ(71), Mendes R(71)(73), Pinto IC(74), Pires T(75), Gama 
J(76), Preto V(77), Silva N(78), Magalhães C(79), Martins M(80), Duarte M(81), 
Paúl C(82)(83), Martín I(65), Pinheiro AA(84), Xavier S(85), Azevedo J(85), 
Bento E(85), Marques C(85), Marques M(85)(86), Macedo A(85)(86), Pereira AT(85), 
Almeida JP(87), Almeida A(87)(71), Alves J(87), Sousa N(87)(71), Saavedra 
F(87)(71), Mendes R(87)(71)(88), Maia AS(89), Oliveira MT(89), Sousa AR(89), 
Ferreira PP(90), Lopes LS(89), Santiago EC(91), Monteiro S(92), Jesus Â(92), 
Colaço A(92)(93), Carvalho A(92)(93), Silva RP(92)(94), Cruz A(92), Ferreira 
A(95), Marques C(95), Figueiredo JP(95), Paixão S(95), Ferreira A(95), Lopes 
C(95), Moreira F(95), Figueiredo JP(95), Ferreira A(95), Ribeiro D(95), Moreira 
F(95), Figueiredo JP(95), Paixão S(95), Fernandes T(96), Amado D(96), Leal 
J(96), Azevedo M(96), Ramalho S(96)(97), Mangas C(98), Ribeiro J(99), Gonçalves 
R(100), Nunes AF(101), Tuna AR(101), Martins CR(102), Forte HD(102), Costa 
C(103), Tenedório JA(104), Santana P(103), Andrade JA(105), Pinto JL(106), 
Campofiorito C(105), Nunes S(105), Carmo A(106), Kaliniczenco A(105), Alves 
B(107), Mendes F(108), Jesus C(108), Fonseca F(107), Gehrke F(105), Albuquerque 
C(54), Batista R(109), Cunha M(54), Madureira A(54), Ribeiro O(54), Martins 
R(54), Madeira T(110)(111)(112), Peixoto-Plácido C(110)(111)(112), Santos 
N(110)(111), Santos O(110)(111)(112), Bergland A(113), Bye A(113), Lopes 
C(110)(111), Alarcão V(110)(111)(112), Goulão B(110)(111), Mendonça N(110)(114), 
Nicola P(110)(111)(112), Clara JG(110)(111)(112), Gomes J(115)(97), Querido 
A(97), Tomás C(97), Carvalho D(115)(97), Cordeiro M(97), Rosa MC(116), Marques 
A(38), Brandão D(82)(117), Ribeiro Ó(82)(65)(118), Araújo L(82)(119), Paúl 
C(82)(83), Minghelli B(120)(121), Richaud S(121), Mendes AL(122), Marta-Simões 
J(122), Trindade IA(122), Ferreira C(122), Carvalho T(123)(124), Cunha 
M(123)(124), Pinto-Gouveia J(123), Fernandes MC(125), Rosa RS(125), Nugem 
RC(125), Kranz LF(125), Siqueira MS(125), Bordin R(125), Martins AC(53), 
Medeiros A(126), Pimentel R(126), Fernandes A(126), Mendonça C(126), Andrade 
I(53), Andrade S(53), Menezes RL(127), Bravo R(128), Miranda M(129), 
Ugartemendia L(129), Tena JMª(130), Pérez-Caballero FL(31), Fuentes-Broto 
L(131), Rodríguez AB(129), Carmen B(129), Carneiro MA(132), Domingues JN(133), 
Paixão S(133), Figueiredo J(133), Nascimento VB(132), Jesus C(108), Mendes 
F(108), Gehrke F(105), Alves B(132), Azzalis L(134), Fonseca F(132), Martins 
AR(101), Nunes A(101), Jorge A(135), Veiga N(136)(137), Amorim A(136), Silva 
A(136), Martinho L(136), Monteiro L(136), Silva R(136), Coelho C(136), Amaral 
O(54)(67), Coelho I(138), Pereira C(54)(67), Correia A(136)(137), Rodrigues 
D(139), Marante N(139), Silva P(139), Carvalho S(139), Araujo AR(139)(140), 
Ribeiro M(139)(140), Coutinho P(139)(140), Ventura S(139)(140), Roque 
F(139)(140), Calvo C(141), Reses M(141), Conde J(142), Ferreira A(142), 
Figueiredo J(142), Silva D(97), Seiça L(97), Soares R(97), Mourão R(97), Kraus 
T(97), Abreu AC(143), Padilha JM(144), Alves JM(145), Sousa P(146)(83), Oliveira 
M(146), Sousa J(147), Novais S(148), Mendes F(149), Pinto J(38), Cruz J(38), 
Marques A(38), Duarte H(150), Dixe MDA(150), Sousa P(150), Cruz I(151), Bastos 
F(151), Pereira F(151), Carvalho FL(152), Oliveira TT(152), Raposo VR(152), 
Rainho C(23), Ribeiro JC(153), Barroso I(23), Rodrigues V(23), Neves C(152), 
Oliveira TC(152), Oliveira B(147), Morais MªC(154)(155), Baylina P(156), 
Rodrigues R(46), Azeredo Z(157), Vicente C(158), Dias H(159), Sim-Sim M(160), 
Parreira P(35), Salgueiro-Oliveira A(35), Castilho A(35), Melo R(35), Graveto 
J(35), Gomes J(35), Vaquinhas M(35), Carvalho C(161), Mónico L(161), Brito 
N(162), Sarroeira C(163)(164)(165), Amendoeira J(163)(164)(165)(166), Cunha 
F(163)(164)(165), Cândido A(163)(164)(165), Fernandes P(167), Silva HR(167), 
Silva E(167), Barroso I(23), Lapa L(23), Antunes C(23), Gonçalves A(168), Galvão 
A(168), Gomes MªJ(168), Escanciano SR(169), Freitas M(170), Parreira P(35), 
Marôco J(171), Fernandes AR(97), Cabral C(97), Alves S(97), Sousa P(97), 
Ferreira A(172), Príncipe F(172), Seppänen UM(173), Ferreira M(172), Carvalhais 
M(172), Silva M(174), Ferreira M(175), Silva J(175), Neves J(175), Costa D(175), 
Santos B(175), Duarte S(175), Marques S(176), Ramalho S(150), Mendes I(35), 
Louro C(150), Menino E(150), Dixe M(150), Dias SS(150)(177), Cordeiro M(97), 
Tomás C(97), Querido A(97), Carvalho D(97)(115), Gomes J(97)(115), Valim 
FC(178), Costa JO(178), Bernardes LG(178), Prebianchi H(179), Rosa MC(180), 
Gonçalves N(158)(181), Martins MM(158)(181), Kurcgant P(182), Vieira A(66), 
Bento S(183), Deodato S(183), Rabiais I(183), Reis L(181), Torres A(184), Soares 
S(184), Ferreira M(184), Graça P(185), Leitão C(186), Abreu R(186), Bellém 
F(186), Almeida A(186), Ribeiro-Varandas E(186), Tavares A(186), Frade JG(187), 
Henriques C(187), Menino E(187), Louro C(187), Jordão C(187), Neco S(188), 
Morais C(189), Ferreira P(189), Silva CR(190)(181), Brito A(181), Silva A(181), 
Duarte H(150), Dixe MDA(150), Sousa P(150), Postolache G(191), Oliveira R(192), 
Moreira I(193), Pedro L(194), Vicente S(195), Domingos S(196), Postolache 
O(196), Silva D(62), Filho JG(62), Nazario N(62), Kretzer M(62), Schneider 
D(197), Marques FM(47), Parreira P(35), Carvalho C(161), Mónico LM(161), Pinto 
C(161), Vicente S(35), Breda SJ(161), Gomes JH(46), Melo R(46), Parreira P(46), 
Salgueiro A(46), Graveto J(46), Vaquinhas M(46), Castilho A(46), Jesus Â(92), 
Duarte N(92)(198), Lopes JC(92)(199), Nunes H(92)(147), Cruz A(92), 
Salgueiro-Oliveira A(35), Parreira P(35), Basto ML(35), Braga LM(34), Ferreira 
A(184), Araújo B(200), Alves JM(200), Ferreira M(184), Carvalhais M(184), Silva 
M(174), Novais S(201), Sousa AS(200)(202), Ferrito C(203), Ferreira PL(152), 
Rodrigues A(65), Ferreira M(184), Oliveira I(204), Ferreira M(175), Neves 
J(175), Costa D(175), Duarte S(175), Silva J(175), Santos B(175), Martins C(84), 
Macedo AP(84), Araújo O(84), Augusto C(84), Braga F(84), Gomes L(84), Silva 
MA(84), Rosário R(84), Pimenta L(97), Carreira D(97), Teles P(97), Barros T(97), 
Tomás C(97), Querido A(97), Carvalho D(97)(115), Gomes J(97)(115), Cordeiro 
M(97), Carvalho D(115)(97), Querido A(97), Tomás C(97), Gomes J(115)(97), 
Cordeiro M(97), Jácome C(205), Marques A(206), Capelas S(207), Hall A(208)(209), 
Alves D(210)(211), Lousada M(212), Loureiro MªH(35), Camarneiro A(35), Silva 
M(35), Mendes A(35), Pedreiro A(213), G.Silva A(197), Coelho ES(197), Melo 
F(214)(215), Ribeiro F(214)(216), Torres R(217), Costa R(214)(218), Pinho T(38), 
Jácome C(205), Marques A(38), Cruz B(219), Seabra D(161), Carreiras D(220), 
Ventura M(219), Cruz X(38), Brooks D(221), Marques A(38), Pinto MR(45), Parreira 
P(46), Lima-Basto M(222), Neves M(48), Mónico LM(49), Bizarro C(124), Cunha 
M(124), Galhardo A(124), Margarida C(124), Amorim AP(124), Silva E(223), Cruz 
S(201), Padilha JM(151), Valente J(224), Guerrero JT(225), Caballero FP(31), 
Santos RB(128), Gonzalez EP(225), Monago FM(226), Ugalde LU(128), Vélez MM(225), 
Tena MJ(31), Guerrero JT(130), Bravo R(128), Pérez-Caballero FL(31), Becerra 
IA(130), Agudelo MªE(130), Acedo G(130), Bajo R(130), Malheiro I(14), Gaspar 
F(14), Barros L(227), Furtado G(228)(229), Uba-Chupel M(228)(229), Marques 
M(228), Rama L(228), Braga M(228)(230), Ferreira JP(228), Teixeira AMª(228), 
Cruz J(231)(232), Barbosa T(231), Simões Â(231), Coelho L(231)(232), Rodrigues 
A(65), Jiménez-Díaz JF(233), Martinez-Hernandez F(233), Rodriguez-De-Vera 
B(233), Ferreira P(189), Rodrigues A(234), Ramalho A(235), Petrica J(235)(236), 
Mendes P(235), Serrano J(235)(236), Santo I(237), Rosado A(238), Mendonça 
P(239), Freitas K(239), Ferreira D(240), Brito A(240), Fernandes R(240), Gomes 
S(156), Moreira F(156)(241)(242), Pinho C(156)(243), Oliveira R(156)(243)(244), 
Oliveira AI(156)(243), Mendonça P(239), Casimiro AP(245), Martins P(239), Silva 
I(239), Evangelista D(246), Leitão C(247), Velosa F(248), Carecho N(197), Coelho 
L(247)(248), Menino E(150), Dixe A(150), Catarino H(150), Soares F(249), Gama 
E(115), Gordo C(150), Moreira E(92), Midões C(92), Santos M(92), Machado S(92), 
Oliveira VP(92), Santos M(92), Querido A(250), Dixe A(250), Marques R(250)(251), 
Charepe Z(183), Antunes A(252), Santos S(192), Rosa MC(180), Rosa MC(116), 
Marques SF(253), Minghelli B(120), CaroMinghelli E(120)(254), Luís MªJ(192), 
Brandão T(192), Mendes P(235), Marinho D(255), Petrica J(235)(236), Monteiro 
D(256), Paulo R(235)(257), Serrano J(235)(236), Santo I(237), Monteiro L(256), 
Ramalho F(256)(258), Santos-Rocha R(256)(258), Morgado S(256)(259), Bento 
T(256)(260), Sousa G(12), Freitas O(12), Silva I(12), Freitas G(12), Morna 
C(12), Vasconcelos R(12), Azevedo T(261), Soares S(154), Pisco J(262), Ferreira 
PP(90), Olszewer EO(263), Oliveira MT(264), Sousa AR(89), Maia AS(89), Oliveira 
ST(89), Santos E(156), Oliveira AI(156)(265), Maia C(156)(266), Moreira 
F(156)(241)(267), Santos J(156)(268), Mendes MF(156)(266), Oliveira 
RF(156)(266), Pinho C(156)(266), Barreira E(269), Pereira A(269), Vaz JA(269), 
Novo A(269), Silva LD(270)(271), Maia B(270), Ferreira E(270), Pires F(270), 
Andrade R(271)(272), Camarinha L(270), Silva LD(270)(271), Maia B(270), Ferreira 
E(270), Pires F(270), Andrade R(271)(272), Camarinha L(270), César AF(273), Poço 
M(274), Ventura D(275), Loura R(276), Gomes P(277), Gomes C(278), Silva C(279), 
Melo E(280), Lindo J(280), Domingos J(281), Mendes Z(281), Poeta S(281), 
Carvalho T(281), Tomás C(281)(282), Catarino H(281)(282), Dixe MªA(281)(282), 
Ramalho A(235), Rosado A(238), Mendes P(235), Paulo R(235)(257), Garcia I(237), 
Petrica J(235)(236), Rodrigues S(30), Meneses R(30), Afonso C(30), Faria L(30), 
Seixas A(30), Cordeiro M(97), Granjo P(283), Gomes JC(97), Souza NR(228), 
Furtado GE(228), Rocha SV(284), Silva P(272), Carvalho J(272), Morais MA(192), 
Santos S(192), Lebre P(192), Antunes A(285), Calha A(60), Xavier A(286), Cunha 
M(124), Pinto-Gouveia J(286), Alencar L(287)(54), Cunha M(287)(54), Madureira 
A(54), Cardoso I(124)(288), Galhardo A(124)(289), Daniel F(124)(290), Rodrigues 
V(124)(288), Luz L(291), Luz T(291), Ramos MR(292), Medeiros DC(293), Carmo 
BM(291), Seabra A(294), Padez C(295), Silva MC(295), Rodrigues A(296)(62), 
Coelho P(296), Coelho A(296), Caminha M(296), Matheus F(296), Mendes E(63), 
Correia J(63), Kretzer M(296), Hernandez-Martinez FJ(41), Jimenez-Diaz JF(43), 
Rodriguez-De-Vera BC(43), Jimenez-Rodriguez C(43), Armas-Gonzalez Y(42), 
Rodrigues C(46), Pedroso R(46), Apolinário-Hagen J(297), Vehreschild V(297), 
Veloso M(298), Magalhães C(298), Cabral I(298), Ferraz M(298), Nave F(299), 
Costa E(299), Matos F(299), Pacheco J(299), Dias A(236), Pereira C(236), Duarte 
J(236), Cunha M(236), Silva D(236), Mónico LM(161), Alferes VR(161), Brêda 
MªSJ(161), Carvalho C(161), Parreira PM(46), Morais MªC(300)(154), Ferreira 
P(300), Pimenta R(300), Boavida J(301), Pinto IC(302), Pires T(302)(303), Silva 
C(302), Ribeiro M(304)(305), Viega-Branco M(44), Pereira F(112), Pereira 
AMª(44), Almeida FM(62), Estevez GL(62), Ribeiro S(62), Kretzer MR(62), João 
PV(306), Nogueira P(307), Novais S(307), Pereira A(306)(308), Carneiro L(307), 
Mota M(306), Cruz R(309), Santiago L(101), Fontes-Ribeiro C(310), Furtado 
G(229)(56), Rocha SV(311), Coutinho AP(197), Neto JS(197), Vasconcelos LR(311), 
Souza NR(56), Dantas E(312), Dinis A(286), Carvalho S(286), Castilho P(286), 
Pinto-Gouveia J(286), Sarreira-Santos A(47)(170), Figueiredo A(47)(170), 
Medeiros-Garcia L(47)(170), Seabra P(47)(170), Rodrigues R(154), Morais 
MªC(154), Fernandes PO(313), Santiago C(45), Figueiredo MªH(151), Basto ML(47), 
Guimarães T(239), Coelho A(239), Graça A(239), Silva AM(239), Fonseca AR(239), 
Vale-Dias L(161), Minas B(161), Franco-Borges G(161), Simões C(314), Santos 
S(314), Serra A(315), Matos M(315), Jesus L(315), Tavares AS(316), Almeida 
A(316), Leitão C(316), Varandas E(316), Abreu R(316), Bellém F(316), Trindade 
IA(122), Ferreira C(122), Pinto-Gouveia J(122), Marta-Simões J(122), Amaral 
O(54), Miranda C(54), Guimarães P(54), Gonçalves R(54), Veiga N(69), Pereira 
C(54), Fleig TC(59), San-Martin EA(59), Goulart CL(59), Schneiders PB(59), 
Miranda NF(59), Carvalho LL(59), Silva AG(59), Topa J(317)(318), Nogueira 
C(161), Neves S(317)(318), Ventura R(319), Nazaré C(319), Brandão D(82)(117), 
Freitas A(117)(83), Ribeiro Ó(82)(320), Paúl C(83), Mercê C(256), Branco M(256), 
Almeida P(256), Nascimento D(256), Pereira J(256), Catela D(256), Rafael H(47), 
Reis AC(163), Mendes A(321)(322), Valente AR(322)(323), Lousada M(324), Sousa 
D(53), Baltazar AL(53), Loureiro MªH(53), Oliveira A(38), Aparício J(38), 
Marques A(325), Marques A(38), Oliveira A(38), Neves J(326), Ayoub R(326), Sousa 
L(327), Marques-Vieira C(170), Severino S(327), José H(328), Cadorio I(329), 
Lousada M(329)(38), Cunha M(53), Andrade D(53), Galhardo A(53), Couto M(53), 
Mendes F(53), Domingues C(330), Schukg S(331), Abrantes AM(332), Gonçalves 
AC(333), Sales T(332), Teixo R(332), Silva R(332), Estrela J(53), Laranjo 
M(332), Casalta-Lopes J(334), Rocha C(53), Simões PC(334), Sarmento-Ribeiro 
AB(335), Botelho MªF(332), Rosa MS(336), Fonseca V(337), Colaço D(337), Neves 
V(337), Jesus C(108), Hesse C(338), Rocha C(339), Osório N(108), Valado A(108), 
Caseiro A(108), Gabriel A(108), Svensson L(338), Mendes F(108), Siba WA(340), 
Pereira C(341), Tomaz J(341), Carvalho T(123)(124), Pinto-Gouveia J(123), Cunha 
M(123)(124), Duarte D(342), Lopes NV(342)(343), Fonseca-Pinto R(342)(344), 
Duarte D(342), Lopes NV(342)(343), Fonseca-Pinto R(342)(344), Martins AC(345), 
Brandão P(346)(347), Martins L(346), Cardoso M(348)(349), Morais N(350), Cruz 
J(38), Alves N(351), Faria P(351), Mateus A(351), Morouço P(351), Alves N(351), 
Ferreira N(351), Mateus A(351), Faria P(351), Morouço P(351), Malheiro I(14), 
Gaspar F(14), Barros L(227), Parreira P(35), Cardoso A(352), Mónico L(161), 
Carvalho C(161), Lopes A(353), Salgueiro-Oliveira A(35), Seixas A(354), Soares 
V(354), Dias T(354), Vardasca R(355), Gabriel J(355), Rodrigues S(354), Paredes 
H(356)(357), Reis A(356), Marinho S(356), Filipe V(356), Lains J(358), Barroso 
J(356), Da Motta C(286)(359), Carvalho CB(286)(359), Pinto-Gouveia J(286), 
Peixoto E(359), Gomes AA(360)(361), Costa V(362)(363), Couto D(360)(363), 
Marques DR(360)(364), Leitão JA(362)(365), Tavares J(360), Azevedo MH(364), 
Silva CF(360)(361), Freitas J(366), Parreira P(35), Marôco J(171), 
Garcia-Gordillo MA(367), Collado-Mateo D(367), Chen G(368), Iezzi A(369), Sala 
JA(367), Parraça JA(370), Gusi N(367), Sousa J(15), Marques M(15)(37), Jardim 
J(371), Pereira A(65), Simões S(15), Cunha M(15), Sardo P(372), Guedes J(373), 
Lindo J(372), Machado P(374), Melo E(372), Carvalho CB(286)(359), Benevides 
J(286), Sousa M(286), Cabral J(286), Da Motta C(286)(359), Pereira AT(375), 
Xavier S(375), Azevedo J(375), Bento E(375), Marques C(375), Carvalho R(376), 
Marques M(377), Macedo A(375), Silva AM(378), Alves J(378), Gomes AA(378)(361), 
Marques DR(378)(379), Azevedo MªH(379), Silva C(378)(361), Mendes A(342), Lee 
HD(380)(381), Spolaôr N(380), Oliva JT(380), Chung WF(380)(381), Fonseca-Pinto 
R(342)(344), Bairros K(382), Silva CD(382), Souza CA(382), Schroeder SS(382), 
Araújo E(383), Monteiro H(383), Costa R(383), Dias SS(383)(384)(187), Torgal 
J(383), Henriques CG(385)(97), Santos L(97), Caceiro EF(97), Ramalho 
SA(385)(97), Oliveira R(92)(65), Afreixo V(65), Santos J(92), Mota P(92), Cruz 
A(92), Pimentel F(65), Marques R(251), Dixe MªA(386), Querido A(386), Sousa 
P(387), Benevides J(359), Da Motta C(359)(286), Sousa M(359), Caldeira 
SN(359)(388), Carvalho CB(359)(286), Querido A(97), Tomás C(97), Carvalho 
D(97)(115), Gomes J(97)(115), Cordeiro M(97), Costa JO(389), Valim FC(389), 
Ribeiro LC(389), Charepe Z(390), Querido A(391), Figueiredo MªH(374), Aquino 
PS(392), Ribeiro SG(393), Pinheiro AB(392), Lessa PA(394), Oliveira MF(395), 
Brito LS(393), Pinto ÍN(393), Furtado AS(393), Castro RB(392), Aquino CQ(392), 
Martins ES(392), Pinheiro AB(392), Aquino PS(392), Oliveira LL(392), Pinheiro 
PC(392), Sousa CR(392), Freitas VA(392), Silva TM(392), Lima AS(392), Aquino 
CQ(392), Andrade KV(392), Oliveira CA(392), Vidal EF(396), Ganho-Ávila A(397), 
Moura-Ramos M(398), Gonçalves Ó(397), Almeida J(398)(399), Silva A(35), Brito 
I(35), Amado J(400), Rodrigo A(192), Santos S(192), Gomes F(192), Rosa MC(116), 
Marques SF(253), Luís S(401)(345), Cavalheiro L(345)(189), Ferreira P(152)(189), 
Gonçalves R(345)(189), Lopes RS(402)(403)(404), Cavalheiro L(404)(405), Ferreira 
P(405), Gonçalves R(404)(405), Fiorin BH(406)(407)(408), Santos MS(408), 
Oliveira ES(408), Moreira RL(406), Oliveira EA(408), Filho BL(406), Palmeira 
L(409), Garcia T(409), Pinto-Gouveia J(409), Cunha M(15), Cardoso S(409), 
Palmeira L(409), Cunha M(15), Pinto-Gouveia J(409), Marta-Simões J(122), Mendes 
AL(122), Trindade IA(122), Oliveira S(122), Ferreira C(122), Mendes AL(410), 
Marta-Simões J(410), Trindade IA(410), Ferreira C(410), Nave F(411), Campos 
M(342), Gaudêncio I(342), Martins F(342), Ferreira L(342)(344), Lopes 
N(342)(343), Fonseca-Pinto R(342)(344), Rodrigues R(412), Azeredo Z(157), 
Vicente C(158), Silva J(387), Sousa P(387), Marques R(387)(251), Mendes I(412), 
Rodrigues R(412), Azeredo Z(157), Vicente C(348), Vardasca R(355), Marques 
AR(355), Seixas A(354), Carvalho R(413), Gabriel J(355), Ferreira PP(90), 
Oliveira MT(264), Sousa AR(89), Maia AS(89), Oliveira ST(89), Costa PO(89), 
Silva MM(89), Arreguy-Sena C(36), Alvarenga-Martins N(36), Pinto PF(36), 
Oliveira DC(414), Parreira PD(46), Gomes AT(414), Braga LM(34), Araújo O(84), 
Lage I(84), Cabrita J(415), Teixeira L(158), Marques R(251), Dixe MªA(150), 
Querido A(150), Sousa P(183), Silva S(416), Cordeiro E(416), Pimentel J(416), 
Ferro-Lebres V(269), Souza JA(269), Tavares M(269), Dixe MªA(97), Sousa P(97), 
Passadouro R(115), Peralta T(115), Ferreira C(115), Lourenço G(115), Serrano 
J(235), Petrica J(235), Paulo R(235), Honório S(235), Mendes P(235), Simões 
A(40), Carvalho L(40), Pereira A(40), Silva S(417), Sousa P(151)(418), Padilha 
JM(151), Figueiredo D(38), Valente C(38), Marques A(38), Ribas P(76), Sousa 
J(76), Brandão F(419), Sousa C(419), Martins M(76)(420), Sousa P(183), Marques 
R(251), Mendes F(421), Fernandes R(421), Martins E(421), Magalhães C(421), 
Araújo P(422), Grande C(423), Mata MªA(44), Vieitez JG(169), Bianchini B(62), 
Nazario N(62), Filho JG(62), Kretzer M(62), Costa T(424)(181), Almeida 
A(424)(181), Baffour G(424)(181), Almeida A(424)(181), Costa T(424)(181), 
Baffour G(424)(181), Azeredo Z(157), Laranjeira C(157), Guerra M(157), Barbeiro 
AP(157), Ferreira R(425), Lopes S(321), Nunes L(321), Mendes A(321), Martins 
J(62), Schneider D(197), Kretzer M(62), Magajewski F(62), Soares C(321), Marques 
A(321), Batista M(426)(427), Castuera RJ(428), Mesquita H(426), Faustino A(426), 
Santos J(426), Honório S(426)(427), Vizzotto BP(429), Frigo L(429), Pivetta 
HF(430), Sardo D(181), Martins C(84), Abreu W(181), Figueiredo MªC(181), Batista 
M(426), Jimenez-Castuera R(428), Petrica J(426), Serrano J(426), Honório S(426), 
Paulo R(426), Mendes P(426), Sousa P(183), Marques R(251), Faustino A(235), 
Silveira P(235), Serrano J(235), Paulo R(235), Mendes P(235), Honório S(235), 
Oliveira C(431), Bastos F(181), Cruz I(181), Rodriguez CK(432), Kretzer MR(433), 
Nazário NO(433), Cruz P(434), Vaz DC(434)(150), Ruben RB(342), Avelelas F(435), 
Silva S(435), Campos MªJ(435), Almeida M(35), Gonçalves L(436), Antunes L(437), 
Sardo P(280), Guedes J(438), Simões J(280), Machado P(151), Melo E(280), Cardoso 
S(70), Santos O(439), Nunes C(70), Loureiro I(70), Santos F(440), Alves 
G(440)(441)(442), Soar C(443), Marsi TO(443), Silva E(236), Pedrosa D(444), Leça 
A(445), Silva D(236), Galvão A(76), Gomes M(76), Fernandes P(313), Noné A(76), 
Combadão J(446), Ramalhete C(446), Figueiredo P(446), Caeiro P(446), Fontana 
KC(51), Lacerda JT(51), Machado PO(51), Borges R(447), Barbosa F(448), Sá 
D(447), Brunhoso G(449), Aparício G(287), Carvalho A(450), Garcia AP(451), 
Fernandes PO(452)(453), Santos A(451), Veiga N(136)(137), Brás C(136), Carvalho 
I(136), Batalha J(136), Glória M(136), Bexiga F(136)(137), Coelho I(138), Amaral 
O(67), Pereira C(67), Pinho C(#)(454), Paraíso N(#)(455), Oliveira AI(454), Lima 
CF(456), Dias AP(456), Silva P(457)(458), Espada M(459)(460), Marques 
M(457)(461), Pereira A(457)(461), Pereira AMª(462), Veiga-Branco Mª(462), 
Pereira F(112), Ribeiro M(462), Lima V(454), Oliveira AI(454)(463), Pinho 
C(454)(463), Cruz G(454), Oliveira RF(454)(463)(464), Barreiros L(465)(466), 
Moreira F(454)(467)(468), Camarneiro A(35), Loureiro MªH(378), Silva M(35), 
Duarte C(469), Jesus Â(469), Cruz A(469), Mota M(470), Novais S(471), Nogueira 
P(471), Pereira A(470)(308), Carneiro L(471), João PV(470), Lima TM(472), 
Salgueiro-Oliveira A(35), Vaquinhas M(35), Parreira P(35), Melo R(35), Graveto 
J(35), Castilho A(35), Gomes JH(35), Medina MS(473), Blanco VG(474), Santos 
O(110)(111), Lopes E(110)(111), Virgolino A(110)(111), Dinis A(475), Ambrósio 
S(475), Almeida I(475), Marques T(475), Heitor MªJ(475)(476), Garcia-Gordillo 
MA(367), Collado-Mateo D(367), Olivares PR(477), Parraça JA(370), Sala JA(367), 
Castilho A(35), Graveto J(35), Parreira P(35), Oliveira A(35), Gomes JH(35), 
Melo R(35), Vaquinhas M(35), Cheio M(92), Cruz A(92), Pereira OR(478), Pinto 
S(479), Oliveira A(479), Manso MC(479)(480), Sousa C(479), Vinha AF(479)(480), 
Machado MªM(481), Vieira M(400), Fernandes B(239), Tomás T(239), Quirino D(239), 
Desouzart G(97), Matos R(482)(483), Bordini M(97), Mouroço P(351), Matos 
AR(472), Serapioni M(472), Guimarães T(316), Fonseca V(316), Costa A(316), 
Ribeiro J(316), Lobato J(316), Martin IZ(484), Björklund A(484), Tavares 
AI(189), Ferreira P(189)(152), Passadouro R(485), Morgado S(256)(486), Tavares 
N(487), Valente J(487), Martins AC(487), Araújo P(400), Fernandes R(421), Mendes 
F(421), Magalhães C(421), Martins E(421), Mendes P(235), Paulo R(235)(257), 
Faustino A(235), Mesquita H(235), Honório S(235)(257), Batista M(235)(257), 
Lacerda JT(51), Ortiga AB(488), Calvo MªC(51), Natal S(51), Pereira M(100), 
Ferreira M(54), Prata AR(489), Nelas P(54), Duarte J(54), Carneiro J(469), 
Oliveira AI(469)(490), Pinho C(469)(490), Couto C(469)(491), Oliveira 
RF(469)(490), Moreira F(469)(241)(468), Maia AS(492), Oliveira MT(492), Sousa 
AR(492), Ferreira PP(493), Souza GM(492), Almada LF(492), Conceição MA(492), 
Santiago EC(91), Rodrigues S(354), Domingues G(354), Ferreira I(354), Faria 
L(354), Seixas A(354), Costa AR(494), Jesus Â(494), Cardoso A(494)(495), 
Meireles A(494)(413), Colaço A(494)(496), Cruz A(494), Vieira VL(497), Vincha 
KR(497), Cervato-Mancuso AMª(497), Faria M(345), Reis C(345), Cova MP(498), 
Ascenso RT(499)(342), Almeida HA(342), Oliveira EG(342)(500), Santana M(342), 
Pereira R(342), Oliveira EG(342)(500), Almeida HA(342), Ascenso RT(342)(499), 
Jesus R(501), Tapadas R(501), Tim-Tim C(501), Cezanne C(501), Lagoa M(501), Dias 
SS(384)(187), Torgal J(501), Lopes J(342), Almeida H(342), Amado S(350), Carrão 
L(350), Cunha M(287), Saboga-Nunes L(502), Albuquerque C(287), Ribeiro O(54), 
Oliveira S(503), Morais MªC(154), Martins E(421), Mendes F(421), Fernandes 
R(421), Magalhães C(421), Araújo P(400), Pedro AR(504), Amaral O(54), Escoval 
A(504), Assunção V(505), Luís H(506), Luís L(507), Apolinário-Hagen J(297), 
Vehreschild V(297), Fotschl U(508), Lirk G(509), Martins AC(53), Andrade I(53), 
Mendes F(53), Mendonça V(53), Antunes S(53), Andrade I(53), Osório N(53), Valado 
A(53), Caseiro A(53), Gabriel A(53), Martins AC(53), Mendes F(53), Silva 
PA(428), Mónico LM(161), Parreira PM(46), Carvalho C(161), Carvalho C(161), 
Parreira PM(46), Mónico LM(161), Ruivo J(161), Silva V(181), Sousa P(181)(510), 
Padilha JM(181), Ferraz V(511), Aparício G(287), Duarte J(287), Vasconcelos 
C(72)(87), Almeida A(87)(71), Neves J(87), Correia T(87), Amorim H(87), Mendes 
R(87)(71)(88), Saboga-Nunes L(512), Cunha M(287), Albuquerque C(287), Pereira 
ES(167), Santos LS(167), Reis AS(167), Silva HR(167), Rombo J(167), Fernandes 
JC(167), Fernandes P(167), Ribeiro J(513), Mangas C(98), Freire A(100), Silva 
S(416), Francisco I(416), Oliveira A(416), Catarino H(150), Dixe MªA(150), Louro 
MªC(150), Lopes S(150), Dixe A(150), Dixe MªA(150), Menino E(150), Catarino 
H(150), Soares F(514), Oliveira AP(515), Gordo S(150), Kraus T(150), Tomás 
C(150), Queirós P(35), Rodrigues T(146), Sousa P(150), Frade JG(150), Lobão 
C(150), Moura CB(516), Dreyer LC(516), Meneghetti V(516), Cabral PP(516), Pinto 
F(517)(518), Sousa P(519)(520), Esteves MªR(518), Galvão S(53), Tytgat I(521), 
Andrade I(53), Osório N(53), Valado A(53), Caseiro A(53), Gabriel A(53), Martins 
AC(53), Mendes F(53), Casas-Novas M(53), Bernardo H(53), Andrade I(53), Sousa 
G(522), Sousa AP(522), Rocha C(53), Belo P(53), Osório N(53), Valado A(53), 
Caseiro A(53), Gabriel A(53), Martins AC(53), Mendes F(53), Martins F(84), 
Pulido-Fuentes M(523), Barroso I(23), Cabral G(153), Monteiro MJ(23), Rainho 
C(23), Prado A(497), Carvalho YM(497), Campos M(56), Moreira L(56), Ferreira 
J(56), Teixeira A(56), Rama L(56), Campos M(56), Moreira L(56), Ferreira J(56), 
Teixeira A(56), Rama L(56).

Author information:
(1)Health Sciences Research Unit: Nursing, Collegue of College of Health 
Technology of Coimbra, Coimbra, Portugal
(2)Sisters Hospitallers of the Sacred Heart of Jesus, Casa de Saúde Rainha Santa 
Isabel, Coimbra, Portugal
(3)Research Unit for Sport and Physical Activity, Faculty of Sport Sciences and 
Physical Education, University of Coimbra, Coimbra, Portugal
(4)Complementary Sciences- INESCC, Coimbra, Portugal
(5)CUF Hospitals, Lisbon, Portugal
(6)Breast Unit, Champalimaud Clinical Center, Lisbon, Portugal
(7)Swiss Centre for Medical Simulation & Swiss Association of Simulation in 
Healthcare, 4031 Basel, Switzerland
(8)Basel University Hospital, 4056 Basel, Switzerland
(9)HELPO Association, 2750-318 Cascais, Portugal
(10)Centro de Linguística, Universidade de Lisboa, Lisboa, Portugal
(11)Centro Superior de Estudios Universitarios La Salle, Madrid, Spain
(12)Universidade da Madeira, 9000-082 Funchal, Portugal
(13)Serviço de Saúde da Região Autónoma da Madeira, E.P.E., 9004-514 Funchal, 
Portugal
(14)Escola Superior de Enfermagem de Lisboa, 1700-063 Lisboa, Portugal
(15)Instituto Superior Miguel Torga, Coimbra, 3000-132 Coimbra Portugal
(16)Centro de Investigação do Núcleo de Estudos e Intervenção Cognitivo 
Comportamental, Universidade de Coimbra, Coimbra, 3001-802 Portugal
(17)Escola Superior de Saúde de Leiria & Unidade de Investigação em Saúde, 
Instituto Politécnico de Leiria, 2411-901 Leiria, Portugal
(18)National School of Public Health & Centro de Investigação em Saúde Pública, 
Universidade Nova de Lisboa, 1600-560 Lisboa, Portugal
(19)Agrarian Superior School, Polytechnic Institute of Viseu, 3500-606 Viseu, 
Portugal
(20)Laboratory of Microbiology, Department of Biological Sciences, Faculty of 
Pharmacy, University of Porto, 4050-313 Porto, Portugal
(21)Unit for Multidisciplinary Biomedical Research, Institute of Biomedical 
Sciences Abel Salazar, University of Porto, 4050-313 Porto, Portugal
(22)Agrupamento de Centros de Saúde (ACES) Baixo Mondego, 3080-199 Figueira da 
Foz, Portugal
(23)Universidade de Trás-os-Montes e Alto Douro, Vila Real, 5001-801 Portugal
(24)Centro de Salud La Paz, Badajoz, 06011 Badajoz España
(25)Centro de Salud San Fernando, Badajoz, 06006 Badajoz España
(26)Complejo Hospitalario Universitario de Badajoz, Badajoz, 06080 Badajoz 
España
(27)Hospital Don Benito-Villanueva, Don Benito, 06400 Badajoz España
(28)Centro de Salud Villanueva Norte, Villanueva de la Serena, 06700 Badajoz 
España
(29)Centro de Salud Gevora, 06180 Gévora, Badajoz España
(30)Universidade Fernando Pessoa, Porto, 4249-004 Portugal
(31)Centro de Salud La Paz, Badajoz, 06011 España
(32)Universidad de Extremadura, Badajoz, 06071 Badajoz España
(33)Faculty of Psychology and Education Sciences, University of Coimbra, 
Coimbra, 3001-802 Coimbra Portugal
(34)Universidade Federal de Viçosa, Viçosa, Minas Gerais 36570-900 Brasil
(35)Escola Superior de Enfermagem de Coimbra, 3046-851 Coimbra, Portugal
(36)Universidade Federal de Juiz de Fora, Juiz de Fora, Minas Gerais 36036-330 
Brasil
(37)Centro Hospitalar e Universitário de Coimbra, 3000-075 Coimbra, Portugal
(38)School of Health Sciences, University of Aveiro, 3810-193 Aveiro, Portugal
(39)Universidade Fernando Pessoa, 4249-004 Porto, Portugal
(40)Escola Superior de Saúde Dr. Lopes Dias, Instituto Politécnico de Castelo 
Branco, 6000-767 Castelo Branco, Portugal
(41)Cabildo de Lanzarote, 35500 Arrecife, Lanzarote, Las Palmas España
(42)Servicio Canario de la Salud, 35500 Arrecife, Lanzarote, Las Palmas España
(43)Universidad de Las Palmas de Gran Canaria, 35001 Las Palmas de Gran Canaria, 
Las Palmas España
(44)Escola Superior de Saúde, Instituto Politécnico de Bragança, 5300-121 
Bragança, Portugal
(45)Escola Superior de Saúde de Santarém, Santarém, 2005-075 Portugal
(46)Escola Superior de Enfermagem de Coimbra, Coimbra, 3046-851 Portugal
(47)Escola Superior de Enfermagem de Lisboa, Lisboa, 1700-063 Portugal
(48)Hospital Distrital de Santarém, EPE, Santarém, 2005-177 Portugal
(49)Universidade de Coimbra, 3004-504 Coimbra, Portugal
(50)Federal University of Rio Grande do Sul, Porto Alegre Rio Grande do Sul, 
90050-170 Brasil
(51)Universidade Federal de Santa Catarina, Florianópolis, 88040-900 Brasil
(52)Instituto Superior de Serviço Social do Porto, 44600-362 Sra. da Hora, 
Portugal
(53)Escola Superior de Tecnologia da Saúde de Coimbra, São Martinho do Bispo, 
3046-854 Coimbra, Portugal
(54)Escola Superior de Saúde, Instituto Politécnico de Viseu, 3504-510 Viseu, 
Portugal
(55)Universidade Federal de Alagoas, Maceió, Alagoas, 57072-900 Brasil
(56)Faculdade de Ciências do Desporto e Educação Física, Universidade de 
Coimbra, 3040-248 Coimbra, Portugal
(57)Faculty of Psychology and Education Sciences, University of Coimbra, 
Coimbra, 3000-115 Portugal
(58)Escola Superior da Saúde da Cruz Vermelha Portuguesa, Lisboa, 1300-125 
Portugal
(59)Universidade de Santa Cruz do Sul, Santa Cruz do Sul, Rio Grande do Sul 
96815-900 Brasil
(60)Instituto Politécnico de Portalegre, 7301-901 Portalegre, Portugal
(61)Instituto Politécnico de Bragança, Bragança, 5300-121 Portugal
(62)Universidade do Sul de Santa Catarina, Palhoça, Santa Catarina 88137-270 
Brasil
(63)Secretaria Municipal de Saúde de Palhoça, Palhoça, Santa Catarina 88132-149 
Brasil
(64)Cabildo de Lanzarote, 35500 Lanzarote, Las Palmas España
(65)Universidade de Aveiro, 3810-193 Aveiro, Portugal
(66)Escola Superior de Saúde Dr. Lopes Dias, Castelo Branco, 6000-767 Portugal
(67)Centro de estudos em educação, tecnologias e saúde, Instituto Politécnico de 
Viseu, 3504-510 Viseu, Portugal
(68)Casa de Saúde de São Mateus, Viseu, 3500-106 Portugal
(69)Universidade Católica Portuguesa, Viseu, 3504-505 Portugal
(70)Escola Nacional de Saúde Pública, Lisboa, 1600-560 Portugal
(71)Research Centre Sports Sciences, Health Sciences and Human Development, 
University of Trás-os-Montes e Alto Douro, Vila Real, 5001-801 Portugal
(72)Polytechnic Institute of Viseu, Viseu, 3504-510 Portugal
(73)Unidade de Saúde Pública do ACES Douro I—Marão e Douro Norte, Administração 
Regional de Saúde do Norte, IP, 5000-524 Vila Real, Portugal
(74)Núcleo de Investigação e Intervenção no Idoso, Departamento de Tecnologias 
de Diagnóstico e Terapêutica, Escola Superior de Saúde, Instituto Politécnico de 
Bragança, Bragança, 5300-253 Portugal
(75)Centro de Investigação de Montanha, Escola Superior Agrária, Instituto 
Politécnico de Bragança, 5300-253 Bragança, Portugal
(76)Escola Superior de Saúde, Instituto Politécnico de Bragança, 5300-253 
Bragança, Portugal
(77)Programa de Prevenção e Controlo de Infeções e de Resistência aos 
Antimicrobianos, Unidade Local de Saúde do Nordeste, Bragança, 5301-852 Portugal
(78)Departamento de Urgência e Emergência Unidade, Unidade Local de Saúde do 
Nordeste, Bragança, 5301-852 Portugal
(79)Departamento de Enfermagem, Escola Superior de Saúde, Instituto Politécnico 
de Bragança, 5300-121 Bragança, Portugal
(80)Centro de Investigação em Desporto, Saúde e Desenvolvimento Humano, 
Departamento de Enfermagem, Escola Superior de Saúde, Instituto Politécnico de 
Bragança, 5300-121 Bragança, Portugal
(81)Health Superior School of Alto Ave, 4830-345 Póvoa de Lanhoso, Portugal
(82)Unidade de Investigação e Formação sobre Adultos e Idosos, Instituto de 
Ciências Biomédicas Abel Salazar, Universidade do Porto, 4050-313 Porto, 
Portugal
(83)Center for Health Technology and Services Research, Faculdade de Medicina, 
Universidade do Porto, 4200-450 Porto, Portugal
(84)Escola Superior de Enfermagem, Universidade do Minho, Braga, 4710-057 
Portugal
(85)Faculty of Medicine, University of Coimbra, 3000-354 Coimbra, Portugal
(86)Centro de responsabilidade integrado, Serviço Psiquiatria, Centro Hospitalar 
e Universitário de Coimbra, 3000-354 Coimbra, Portugal
(87)University of Trás-os-Montes e Alto Douro, Vila Real, 5001-801 Portugal
(88)Unidade de Saúde Pública, ACES Douro I, Marão e Douro Norte, Administração 
Regional de Saúde do Norte, 5000-524 Vila Real, Portugal
(89)Faculdade Nobre, Feira de Santana, Bahia 44001-008 Brasil
(90)Secretaria de Saúde do Estado da Bahia, Salvador, Bahia 41745-900 Brasil
(91)Hospital Estadual da Criança, Vila Valqueire, Rio de Janeiro Brasil
(92)Escola Superior de Tecnologia da Saúde, Instituto Politécnico do Porto, 
4400-330 Vila Nova de Gaia, Portugal
(93)Centro Hospitalar de São João, EPE, Porto, 4200-319 Porto Portugal
(94)Unidade Local de Saúde de Matosinhos, EPE, 4454 509 Senhora da Hora, 
Portugal
(95)College of Health Technology, Polytechnic Institute of Coimbra, São Martinho 
do Bispo, 3046-854 Coimbra, Portugal
(96)Escola Superior de Saúde de Leiria, Instituto Politécnico de Leiria, 
2411-901 Leiria, Portugal
(97)School of Health Sciences, Polytechnic institute of Leiria, 2411-901 Leiria, 
Portugal
(98)Unidade de Investigação Inclusão e Acessibilidade em Acção “iACT” e Escola 
Superior Educação e Ciências Sociais, Instituto Politécnico de Leiria, 2411-901 
Leiria, Portugal
(99)Unidade de Investigação em Saúde, Escola Superior de Saúde de Leiria eCADR& 
Centro de Investigação Didática e Tecnologia na Formação de Formadores, 
Universidade de Aveiro, 3810-193 Aveiro, Portugal
(100)Instituto Politécnico de Leiria, 2411-901 Leiria, Portugal
(101)Universidade da Beira Interior, Covilhã, 6201-001 Portugal
(102)Unidade de Saúde Pública, Agrupamento de Centros de Saúde Cova da Beira, 
6200-251 Covilhã, Portugal
(103)Centre of Studies on Geography and Spatial Planning, University of Coimbra, 
3000-043 Coimbra, Portugal
(104)Research Centre for Geography and Regional Planning, Universidade Nova de 
Lisboa, 1069-061 Lisboa, Portugal
(105)Biomedical Sciences Department, Paulista University, São Paulo, 04026-002 
Brazil
(106)Pharmacy Department, Paulista University, São Paulo, 04026-002 Brazil
(107)Molecular Laboratory of Diagnosis, ABC Medical School, Santo André, São 
Paulo 09080-650 Brazil
(108)Biomedical Science Department, College of Health Technology of Coimbra, 
Polytechnic Institute of Coimbra, São Martinho do Bispo, 3046-854 Coimbra, 
Portugal
(109)Hospital Sousa Martins, 6300-858 Guarda, Portugal
(110)Instituto de Medicina Preventiva e Saúde Pública, Faculdade de Medicina, 
Universidade de Lisboa, 1649-028 Lisboa, Portugal
(111)Instituto de Saúde Ambiental, Faculdade de Medicina, Universidade de 
Lisboa, 1649-028 Lisboa, Portugal
(112)Faculdade de Medicina, Universidade de Lisboa, 1649-028 Lisboa, Portugal
(113)Oslo and Akershus University College of Applied Sciences, 0167 Oslo, Norway
(114)Newcastle University Institute for Ageing, Newcastle upon Tyne, NE4 5PL 
United Kingdom
(115)Hospital de Santo André, Centro Hospitalar de Leiria, 2410-197 Leiria, 
Portugal
(116)Secção Autónoma das Ciências da Saúde, Universidade de Aveiro, 3810-193 
Aveiro, Portugal
(117)Faculdade de Medicina da Universidade do Porto, 4200-450 Porto, Portugal
(118)Instituto Superior De Serviço Social Do Porto, 44600-362 Sra. da Hora, 
Portugal
(119)Escola Superior de Educação de Viseu, 3504-501 Viseu, Portugal
(120)Research in Education and Community Intervention, Escola Superior de Saúde 
Jean Piaget, Silves, 8300-025 Portugal
(121)Escola Superior de Saúde Jean Piaget, Silves, 8300-025 Portugal
(122)Cognitive and Behavioural Centre for Research and Intervention, Faculty of 
Psychology and Education Sciences, University of Coimbra, 3000-115 Coimbra, 
Portugal
(123)Centro de Investigação do Núcleo de Estudos e Intervenção 
Cognitivo-Comportamental, Faculdade de Psicologia e Ciências da Educação, 
Universidade de Coimbra, 3001-802 Coimbra, Portugal
(124)Instituto Superior Miguel Torga, Coimbra, 3000-132 Portugal
(125)Federal University of Rio Grande do Sul, Porto Alegre, Rio Grande do Sul 
90050-170 Brasil
(126)Municipality of Nordeste, 9630 Nordeste, Azores Portugal
(127)University of Brasilia, Brasília, Distrito Federal 70910-900 Brasil
(128)Universidad de Extremadura, Badajoz, 06071 España
(129)Chrononutrition Laboratory, Department of Physiology, Faculty of Science, 
University of Extremadura, Badajoz, 06071 España
(130)Department of Anestesiology, Complejo Hospitalario Universitario de 
Badajoz, 06080 Badajoz, España
(131)Aragon Institute for Health Research, Zaragoza, 50009 España
(132)ABC Medical School, Santo André, São Paulo 09210-180 Brazil
(133)Department of Complementary Sciences, College of Health Technology of 
Coimbra, Polytechnic Institute of Coimbra, São Martinho do Bispo, 3046-854 
Coimbra, Portugal
(134)Federal University of São Paulo, Diadema campus, Diadema, São Paulo 
09913-030 Brazil
(135)Centro Hospitalar Cova da Beira, Covilhã, 6200-251 Portugal
(136)Departamento de Ciências da Saúde, Universidade Católica Portuguesa, Viseu, 
3504-505 Portugal
(137)Centro de Investigação Interdisciplinar em Saúde, Universidade Católica 
Portuguesa, 3504-505 Viseu, Portugal
(138)Unidade de Saúde Familiar Grão Vasco, Viseu, 3500-177 Portugal
(139)School of Health Sciences, Polytechnic Institute of Guarda, 6301-559 
Guarda, Portugal
(140)Research Unit for Inland Development, Polytechnic Institute of Guarda, 
6301-559 Guarda, Portugal
(141)Centro de Ciências da Saúde, Departamento de Saúde Pública, Universidade 
Federal de Santa Catarina, Florianópolis, Santa Catarina 88040-900 Brasil
(142)College of Health Technology, Polytechnic Institute of Coimbra, 340-162 
Coimbra, Portugal
(143)Oporto Portuguese Institute of Oncology FG, EPE, 4200-072 Porto, Portugal
(144)Porto Nursing School, 4200-072 Porto, Portugal
(145)Oporto Central Hospital, 4099-001 Porto, Portugal
(146)Escola Superior Escola Superior de Enfermagem do Porto, 4200-072 Porto, 
Portugal
(147)Centro Hospitalar do Porto, 4099-001 Porto, Portugal
(148)Instituto de Ciências da Saúde, Universidade Católica Portuguesa, 1649-023 
Lisboa, Portugal
(149)Escola Superior de Enfermagem de S. João de Deus, Universidade de Évora, 
7004-516 Évora, Portugal
(150)Health Research Unit & School of Health Sciences, Polytechnic institute of 
Leiria, 2411-901 Leiria, Portugal
(151)Escola Superior de Enfermagem do Porto, Porto, 4200-072 Portugal
(152)Faculdade de Economia, Universidade de Coimbra, 3004-512 Coimbra, Portugal
(153)Centro Hospitalar de Trás-os-Montes e Alto Douro, Vila Real, 5000-508 
Portugal
(154)Escola Superior de Saúde, Instituto Politécnico de Viana do Castelo, 
4900-347 Viana do Castelo, Portugal
(155)Centro de Estudos e Investigação em Saúde, Universidade de Coimbra, 
3004-512 Coimbra, Portugal
(156)Escola Superior de Tecnologia da Saúde do Porto, Instituto Politécnico do 
Porto, Vila Nova de Gaia, 4400-330 Portugal
(157)Research in Education and Community Intervention, Escola Superior de Saúde 
Jean Piaget, 4405-678 Gulpilhares, Vila Nova de Gaia Portugal
(158)Instituto de Ciências Biomédicas Abel Salazar, Universidade do Porto, 
4050-313 Porto, Portugal
(159)Escola Superior de Saúde, Instituto Politécnico de Santarém, Santarém, 
2005-075 Portugal
(160)Escola Superior de Enfermagem S. João de Deus, Universidade de Évora, 
7000-811 Évora, Portugal
(161)Faculdade de Psicologia e Ciências da Educação, Universidade de Coimbra, 
3001-802 Coimbra, Portugal
(162)Instituto Politécnico de Viana do Castelo, 4900-347 Viana do Castelo, 
Portugal
(163)Escola Superior de Saúde, Instituto Politécnico de Santarém, 2005-075 
Santarém, Portugal
(164)Unidade de Investigação do Instituto Politécnico de Santarém, 2001-904 
Santarém, Portugal
(165)Unidade de Monitorização de Indicadores em Saúde, Instituto Politécnico de 
Santarém, 2005-075 Santarém, Portugal
(166)Life Quality Research Centre, Instituto Politécnico de Santarém, 2001-904 
Santarém, Portugal
(167)Hospital Prof. Doutor Fernando Fonseca E.P.E., Amadora, 2720-276 Portugal
(168)Instituto Politécnico de Bragança, Bragança, 5300-121 Bragança Portugal
(169)Universidad de León, 24004 León, España
(170)Instituto de Ciências da Saúde, Universidade Católica Portuguesa, Lisboa, 
1649-023 Portugal
(171)Instituto Universitário de Ciências Psicológicas, Sociais e da Vida, 
1149-041 Lisboa, Portugal
(172)Escola Superior de Enfermagem da Cruz Vermelha Portuguesa de Oliveira de 
Azeméis,, 3720-126 Oliveira de Azeméis, Portugal
(173)Oulu University of Applied Sciences, 90250 Oulu, Finlândia
(174)Unidade de Saúde Familiar - Espaço Saúde, Porto, 4100-503 Portugal
(175)Escola Superior de Enfermagem da Cruz Vermelha Portuguesa, 3720-126 
Oliveira de Azeméis, Portugal
(176)Administração Regional de Saúde de Lisboa e Vale do Tejo, 1749-096 Lisboa, 
Portugal
(177)Departamento de Saúde Pública & Centro de Estudos de Doenças Crónicas, 
Faculdade de Ciências Médicas, Universidade Nova de Lisboa, 1169-056 Lisboa, 
Portugal
(178)Faculdade de Medicina, Universidade José do Rosario Vellano, Divinópolis, 
Minas Gerais 35502-634 Brasil
(179)Pontifícia Universidade Católica de Campinas, Campinas, São Paulo 13086-900 
Brasil
(180)Secção Autónoma das Ciências da Saúde, Universidade de Aveiro, Aveiro, 
3810-193 Portugal
(181)Escola Superior de Enfermagem do Porto, 4200-072 Porto, Portugal
(182)Universidade de São Paulo, 05403-000 São Paulo, Brasil
(183)Universidade Católica Portuguesa, Lisboa, 1649-023 Portugal
(184)Escola Superior de Enfermagem da Cruz Vermelha Portuguesa de Oliveira de 
Azeméis, 3720-126 Oliveira de Azeméis, Portugal
(185)Academia de Teatro, 4465-095 S. Mamede de Infesta, Portugal
(186)Escola Superior de Tecnologia da Saúde de Lisboa, 1990-096 Lisboa, Portugal
(187)Unidade de Investigação em Saúde, Escola Superior de Saúde de Leiria, 
2411-901 Leiria, Portugal
(188)Hospital Santa Maria Maior de Barcelos, 4754-909 Barcelos, Portugal
(189)Centro de Estudos e Investigação em Saúde, Faculdade de Economia, 
Universidade de Coimbra, 3004-512 Coimbra, Portugal
(190)Universidade Católica Portuguesa/Porto, 4202-401 Porto, Portugal
(191)Instituto de Medicina Molecular, Universidade de Lisboa, 1649-028 Lisboa, 
Portugal
(192)Faculdade de Motricidade Humana, Universidade de Lisboa, Cruz quebrada, 
1499-002 Lisboa Portugal
(193)Faculdade de Medicina, Universidade de Porto, 4200-319 Porto, Portugal
(194)Escola Superior de Tecnologias de Saúde, Instituto Politécnico de Lisboa, 
1990-096 Lisboa, Portugal
(195)Escola Superior de Saúde, Universidade Atlântica, 2745-615 Barcarena, 
Portugal
(196)Instituto de Telecomunicações, Lisboa, 1049-001 Portugal
(197)Universidade Federal de Santa Catarina, Florianópolis, Santa Catarina 
88040-900 Brasil
(198)Farmácia Outeiro do Linho, 4440-762 Valongo, Portugal
(199)Hospital Militar Regional n.°1, Porto, 4150-113 Portugal
(200)Universidade Católica Portuguesa, Porto, 4202-401 Portugal
(201)Administração Regional de Saúde do Norte, Porto, 4000-447 Portugal
(202)Centro Hospitalar De São João, E.P.E., Porto, 4200-319 Portugal
(203)Escola Superior de Saúde, Instituto Politécnico de Setúbal, 2910-761 
Setúbal, Portugal
(204)Ordem dos Enfermeiros da zona Centro, Coimbra, 3000-076 Portugal
(205)Research Centre in Physical Activity, Health and Leisure, Faculty of 
Sports, University of Porto, 4200-450 Porto, Portugal
(206)Lab 3R – Respiratory Research and Rehabilitation Laboratory, School of 
Health Sciences, University of Aveiro, 3810-193 Aveiro, Portugal
(207)Unidade de Surdos, Escola de Referência para a Educação Bilingue, 3830-195 
Ílhavo, Portugal
(208)Center for Research and Development in Mathematics and Applications, 
University of Aveiro, 3810-193 Aveiro, Portugal
(209)Department of Mathematics, University of Aveiro, 3810-193 Aveiro, Portugal
(210)School of Health Care, Polytechnic Institute of Setúbal, 2910-761 Setúbal, 
Portugal
(211)Centro de Linguística da Universidade de Lisboa, Faculdade de Letras, 
Universidade de Lisboa, 1600-214 Lisboa, Portugal
(212)Center for Health Technology and Services Research, School of Health 
Sciences, University of Aveiro, Aveiro, 3810-193 Portugal
(213)Unidade de Investigação em Ciências da Saúde: Enfermagem, Escola Superior 
de Enfermagem de Coimbra, 3046-851 Coimbra, Portugal
(214)School of Health Sciences, University of Aveiro, Aveiro, 3810-193 Aveiro, 
Portugal
(215)Peroneo Centro Terapêutico Lda, Amieiro, Montemor-o-velho, 3140-021 Arazede 
Portugal
(216)Institute for Research in Biomedicine, University of Aveiro, Aveiro, 
3810-292 Portugal
(217)Department of Physiotherapy, North Polytechnic Institute of Health, Gandra, 
4585-116 Portugal
(218)Center for Health Technology and Services Research, University of Aveiro, 
Aveiro, 3810-193 Portugal
(219)Irmandade da Misericórdia de Albergaria-a-Velha, 3850-069 
Albergaria-a-Velha, Portugal
(220)Gabinete de Apoio Psicológico, Instituto Superior Miguel Torga, Coimbra, 
3000-132 Portugal
(221)Rehabilitation Science Institute and Department of Physical Therapy, 
University of Toronto, Toronto, Ontario M5S 1A1 Canada
(222)Unidade de Investigação & Desenvolvimento em Enfermagem, Escola Superior de 
Enfermagem de Lisboa, Lisboa, 1700-063 Portugal
(223)Centro de Tratamento Internacional VillaRamadas, 2460-355 Cela, Alcobaça, 
Portugal
(224)Faculdade de Economia, Universidade do Porto, 4200-464 Porto, Portugal
(225)Complejo Hospitalario Universitario de Badajoz, Badajoz, 06080 España
(226)Centro de Salud San Fernando, Badajoz, 06006 España
(227)Faculdade de Psicologia, Universidade de Lisboa, 1649-013 Lisboa, Portugal
(228)Centro de Investigação do Desporto e da Atividade Física, Faculdade de 
Ciências do Desporto e Educação Física, 3040-156 Coimbra, Portugal
(229)Fundação Capes, Ministério da Educação, 70.040-020 Brasília, Distrito 
Federal Brasil
(230)Faculty of Medicine, University of Porto, Porto, 4200-450 Portugal
(231)School of Education and Social Sciences, Polytechnic Institute of Leiria, 
Leiria, 2411-901 Portugal
(232)Life Quality Research Centre – IPLeiria Branch, Polytechnic Institute of 
Leiria, Leiria, 2411-901 Portugal
(233)Universidad de Las Palmas de Gran Canaria, 35001 Las Palmas de Gran 
Canaria, España
(234)Unidade de Cuidados na Comunidade da Ponte da Barca, 4980-620 Ponte da 
Barca, Portugal
(235)Escola Superior de Educação, Instituto Politécnico de Castelo Branco, 
6000-767 Castelo Branco, Portugal
(236)Centro de Estudos em Educação, Tecnologias e Saúde, Escola Superior de 
Saúde, Instituto Politécnico de Viseu, 3504-510 Viseu, Portugal
(237)Studio Osteopatico Franchi, 6512 Giubiasco, Switzerland
(238)Faculty of Human Kinetics, University of Lisbon, 1649-028 Lisboa, Portugal
(239)Escola Superior de Tecnologia da Saúde de Lisboa, Instituto Politécnico de 
Lisboa, 1549-020 Lisboa, Portugal
(240)Escola Superior Desporto De Rio Maior, Instituto Politécnico de Santarém, 
2040-413 Rio Maior, Portugal
(241)Department of Legal Medicine and Forensic Sciences, Faculty of Medicine, 
University of Porto, 4200-319 Porto, Portugal
(242)Portugal & Pharmaceutical Services, Centro Hospitalar de Vila Nova de 
Gaia/Espinho, EPE, Vila Nova de Gaia, 4400-129 Portugal
(243)Núcleo de Investigação e Intervenção em Farmácia, Centro de Investigação em 
Saúde e Ambiente, Instituto Politécnico do Porto, Vila Nova de Gaia, 4400-330 
Portugal
(244)Secção Autónoma de Ciências da Saúde, Universidade de Aveiro, 3810-193 
Aveiro, Portugal
(245)Hospital SAMS – Serviços de Assistência Médico-social do Sindicato dos 
Bancários, 1849-017 Lisboa, Portugal
(246)North Tyneside General Hospital, Tyne and Wear, NE29 8NH Newcastle UK
(247)Life Quality Research Centre, Instituto Politécnico de Castelo Branco, 
6000-767 Castelo Branco, Portugal
(248)School of Education and Social Sciences, Polytechnic Institute of Leiria, 
2411-901 Leiria, Portugal
(249)Unidade de Saúde Pública, ACES Pinhal Litoral, ARS Centro, 3100-462 Pombal, 
Portugal
(250)Health Research Unit, School of Health Sciences, Polytechnic institute of 
Leiria, 2411-901 Leiria, Portugal
(251)Hospital de Santa Maria, Centro Hospitalar Lisboa Norte, 1649-035 Lisboa, 
Portugal
(252)Associação Portuguesa de Pais e Amigos do Cidadão Deficiente Mental, 
6200-050 Covilhã, Portugal
(253)Unidade de Cuidados na Comunidade, Centro de Saúde de Anadia, 3780-780 
Anadia, Portugal
(254)Fisiatris - Recuperação Física, Lda, Sacavém, 2685-010 Portugal
(255)Research Centre of Sports Sciences, Health Sciences and Human Development, 
Universidade da Beira Interior, Covilhã, 6201-001 Covilhã Portugal
(256)Escola Superior de Desporto de Rio Maior, Instituto Politécnico de 
Santarém, 2040-413 Rio Maior, Portugal
(257)Research, Education and Community Intervention, Instituto Piaget, 3515-776 
Galifonge, Viseu Portugal
(258)Centro Interdisciplinar de Estudo da Performance Humana, Faculdade de 
Motricidade Humana, Universidade Nova de Lisboa, 1499-002 Cruz Quebrada, 
Portugal
(259)Centro de Investigação e Qualidade de Vida, Instituto Politécnico de 
Santarém, 2040-413 Rio Maior, Portugal
(260)Research Centre in Sports Sciences, Health and Human Development, 
University of Trás-os-Montes and Alto Douro, Vila Real, 5001-801 Portugal
(261)Lar Cantinho dos Avós - Santa Casa da Misericórdia de Melgaço, 4960-570 
Melgaço, Portugal
(262)Unidade Local de Saúde do Alto Minho, EPE, 4904-858 Viana do Castelo, 
Portugal
(263)Fundação de amparo à pesquisa e inovação do Espírito Santo, Vitória, 
Esprito Santo 29066-380 Brasil
(264)Universidade Estadual de Feira de Santana, Feira de Santana, Bahia 
44036-900 Brasil
(265)Centro de Investigação em Saúde e Ambiente, Instituto Politécnico do Porto, 
Vila Nova de Gaia, 4400-330 Portugal
(266)Hospital de Santo Antonio, Centro Hospitalar do Porto, EPE, 4099-001 Porto, 
Portugal
(267)Pharmaceutical Services, Centro Hospitalar de Vila Nova de Gaia/Espinho, 
EPE, Vila Nova de Gaia, 4400-129 Portugal
(268)Centro Hospitalar de São João, EPE, Porto, 4200-319 Portugal
(269)Escola Superior de Saúde, Instituto Politécnico de Bragança, Bragança, 
5300-253 Portugal
(270)Unidade Local de Saúde da Guarda, E.P.E, 6300-858 Guarda, Portugal
(271)Clínica Espregueira-Mendes Sports Centre, FIFA Medical Centre of 
Excellence, 4350-415 Porto, Portugal
(272)Faculdade de Desporto, Universidade do Porto, 4200-450 Porto, Portugal
(273)Centro de Ação Social do Concelho de Ílhavo, 3830-201 Ílhavo, Portugal
(274)Zelar, Serviços de Apoio Domiciliário, 3810-232 Aveiro, Portugal
(275)Walk’In Clinics, Esgueira, 3800-042 Aveiro, Portugal
(276)São João de Deus Clinic, 1749-098 Lisboa, Portugal
(277)Arrabida Hospital, 4400-346 Vila Nova de Gaia, Portugal
(278)Yasmin Residence, 2500-064 Caldas da Rainha, Portugal
(279)Faro unit, Algarve Hospital, 8000-386 Faro, Portugal
(280)School of Health Sciences, University of Aveiro, Aveiro, 3810-193 Portugal
(281)School of Health Sciences, Polytechnic institute of Leiria, Leiria, 
2411-901 Portugal
(282)Health Research Unit, Polytechnic institute of Leiria, Leiria, 2411-901 
Portugal
(283)Instituto de Ciências Sociais da Universidade de Lisboa, Universidade de 
Lisboa, 1600-189 Lisboa, Portugal
(284)Núcleo de Estudos em Saúde da População, Universidade Estadual do Sudoeste 
da Bahia, Itapetinga, Bahia 45700-000 Brasil
(285)Casa de Saúde da Idanha, Instituto das Irmãs Hospitaleiras, 2605-077 Belas, 
Portugal
(286)Cognitive-Behavioural Research Centre, Faculty of Psychology and Education 
Sciences, University of Coimbra, 3001-802 Coimbra, Portugal
(287)Centro de estudos em educação, tecnologias e saúde, Escola Superior de 
Saúde, Instituto Politécnico de Viseu, 3504-510 Viseu, Portugal
(288)Faculty of Medicine, University of Coimbra, 3000-548 Coimbra, Portugal
(289)Centro de Investigação do Núcleo de Estudos e Intervenção Cognitivo 
Comportamental, Universidade de Coimbra, 3001-802 Coimbra, Portugal
(290)Centre for Health Studies and Research, University of Coimbra, 3004-512 
Coimbra, Portugal
(291)Universidade Federal de Alagoas, Maceió, 57072-900 Alagoas Brasil
(292)Instituto Federal de Alagoas, Maceió, 57035-660 Alagoas Brasil
(293)Centro Universitário Cesmac, Maceió, 57051-160 Alagoas Brasil
(294)Universidade do Porto, Porto, 4099-002 Portugal
(295)Universidade de Coimbra, Coimbra, 3004-504 Portugal
(296)Escola Superior de Saúde Dr. Lopes Dias, Instituto Politécnico de Castelo 
Branco, Castelo Branco, 6000-767 Portugal
(297)Department for Health Psychology, FernUniversität in Hagen, 58084 Hagen, 
Germany
(298)Universidade Federal do Pará, Belém, Pará 66075-110 Brasil
(299)Escola Superior de Saúde, Universidade do Algarve, Faro, 8000-510 Portugal
(300)Centro de Estudos e Investigação em Saúde, Faculdade de Economia,, 
Universidade de Coimbra, 3004-512 Coimbra, Portugal
(301)Direção geral de Saúde (DGS), 1049-005 Lisboa, Portugal
(302)Instituto Politécnico de Bragança, Bragança, 5300-253 Portugal
(303)Centro de Investigação de Montanha, Escola Superior Agrária, 5300-253 
Bragança, Portugal
(304)Escola Superior Agrária, Instituto Politécnico de Bragança, 5300-253 
Bragança, Portugal
(305)Centro de Estudos Transdisciplinares para o Desenvolvimento, Universidade 
de Trás-os-Montes e Alto Douro, 5000-801 Vila Real, Portugal
(306)Research Centre for Sports Sciences, Health Sciences and Human Development, 
University of Trás-os-Montes e Alto Douro, Vila Real, 5001-801 Portugal
(307)Department of Sport Sciences, Exercise and Health, University of 
Trás-os-Montes e Alto Douro, Vila Real, 5001-801 Portugal
(308)Polytechnic Institute of Setúbal, 2910-761 Setúbal, Portugal
(309)College of Health Technology of Coimbra, Polytechnic Institute of Coimbra, 
São Martinho do Bispo, 3046-854 Coimbra Portugal
(310)Departamento de Farmacologia e Terapêutica, Faculdade de Medicina, 
Universidade de Coimbra, Coimbra, 3000-548 Portugal
(311)Universidade Estadual do Sudoeste da Bahia, Itapetinga, Bahia 45700-000 
Brasil
(312)Universidade Tiradentes, Aracaju, Sergipe & Laboratório de Biociências da 
Motricidade Humana, 49030-620 Aracaju, Brazil
(313)Escola Superior de Tecnologia e Gestão, Instituto Politécnico de Bragança, 
5300-253 Bragança, Portugal
(314)Universidade de Lisboa, 1649-003 Lisboa, Portugal
(315)Universidade de Aveiro, Aveiro, 3810-193 Portugal
(316)Escola superior de tecnologia da saúde de Lisboa, 1990-096 Lisboa, Portugal
(317)Instituto Superior da Maia, 4475-690 Avioso São Pedro, Portugal
(318)Centro Interdisciplinar de Estudos de Género, Instituto Superior de 
Ciências Sociais e Políticas, 1300-663 Lisboa, Portugal
(319)College of Health Technology, Polytechnic Institute of Coimbra, São 
Martinho do Bispo, 3046-854 Coimbra Portugal
(320)Universidade de Aveiro, 3810–193 Aveiro, Portugal e Instituto Superior De 
